{"Bets Entertainment N.V. ALT": 0, "Brunocasino_Alt": 1, "Cardpaymentz": 2, "Casino 148 Altitude": 3, "Centpays alt": 4, "Colibrix_alt": 5, "Constanpayments_alt": 6, "Cyperion": 7, "DNS_Alt": 8, "Fiat Systems": 9, "Fundshark": 10, "GZ_ALT": 11, "Helexo_Alt": 12, "I15.tech_Altitude": 13, "Inamina alt": 14, "Kam Gaming": 15, "LunaPay_Alt": 16, "Nautera_alt": 17, "PayWise Altitude": 18, "Paystack_Sites_Alt": 19, "SecurePay Alt": 20, "Start2Pay_ALT": 21, "TomiPay_Alt": 22, "VaultPay ALT": 23, "Veritas Altitude": 24, "altitudeTest": 25, "richprize77x Alt": 26, "Finera Alt": 27, "Mirata_alt": 28, "NeonPay-alt": 29, "30bet_ALT": 30, "55bet_ALT": 31, "ASG Global Altitude": 32, "Mangacasino Alt": 33, "PgP Altitude": 34, "Qbet Alt": 35}