{"Dreamzpay - Altitudepay": 0, "FC - B04": 1, "FC - B05": 2, "FC - B06": 3, "FC - B07": 4, "FC - B08": 5, "FC - B09": 6, "FC - B10": 7, "FC - B11": 8, "FC - B12": 9, "FC - B14": 10, "FC - B15": 11, "FC - B15 (NEW)": 12, "FC - B16": 13, "FC - B16 (NEW)": 14, "FC - B17": 15, "FC - B18": 16, "FC - B19": 17, "FC - B20": 18, "FC - B21": 19, "FC - B22": 20, "FC - B23": 21, "FC - B23 (NEW)": 22, "FC - B25": 23, "FC - B26": 24, "FC - B5V": 25, "FC - B5X": 26, "FC - B5Z": 27, "FC - B80": 28, "FC - B81": 29, "FC - B83": 30, "FC - B87": 31, "FC - B88": 32, "FC - B90": 33, "FC - B91": 34, "FC - B92": 35, "FC - B93": 36, "FC - B94": 37, "FC - B95": 38, "FC - B96": 39, "FC - B97": 40, "FCBank - Altitudepay": 41, "Flutterwave - Altitude": 42, "HP - B01": 43, "HP - B02": 44, "HP - B03": 45, "HP - B17": 46, "HP - B19": 47, "HP - B20": 48, "HP - B22": 49, "HP - B30": 50, "HP - B31": 51, "HP - B32": 52, "HP - B46": 53, "HP - B4P": 54, "HP - B82": 55, "HP - B84": 56, "HP - B85": 57, "HP - B86": 58, "Hagpay (US) - Altitudepay": 59, "Hagpay - Altitudepay": 60, "Infotrend Processor": 61, "Infotrend Processor (US)": 62, "Npay": 63, "PSTpay": 64, "Pathly - AltitudePay": 65, "PayC -  Altitudepay": 66, "TWP": 67, "TWP (US)": 68, "UBKBank - Altitudepay": 69, "WLT - AltitudePay": 70, "WMA - Altitudepay": 71, "WMA-MID1-MC": 72, "WMA-MID1-Visa": 73, "WMA-MID10-MC": 74, "WMA-MID10-Visa": 75, "WMA-MID11-MC": 76, "WMA-MID11-Visa": 77, "WMA-MID12-MC": 78, "WMA-MID12-Visa": 79, "WMA-MID13-MC": 80, "WMA-MID15-MC": 81, "WMA-MID16-MC": 82, "WMA-MID17-MC": 83, "WMA-MID2-MC": 84, "WMA-MID2-Visa": 85, "WMA-MID3-MC": 86, "WMA-MID3-Visa": 87, "WMA-MID4-MC": 88, "WMA-MID4-Visa": 89, "WMA-MID5-MC": 90, "WMA-MID5-Visa": 91, "WMA-MID6-MC": 92, "WMA-MID6-Visa": 93, "WMA-MID7-MC": 94, "WMA-MID7-Visa": 95, "WMA-MID8-MC": 96, "WMA-MID8-Visa": 97, "WMA-MID9-MC": 98, "WMA-MID9-Visa": 99, "FC - B49": 100, "FC - B50": 101, "FC - B51": 102, "FC - B53": 103, "FC - B54": 104, "FC - B59": 105, "Fin - MID 01": 106, "HP - B25": 107, "HP - B26": 108, "HP - B27": 109, "HP - B29": 110, "HP - B37": 111, "HP - B58": 112, "HP - B61": 113, "HP - B69": 114, "HP - B70": 115, "HP - B71": 116, "Lewis": 117, "M Curry": 118, "Paterson": 119, "ProV-MID1": 120, "WMA-MID13-Visa": 121, "WMA-MID14-MC": 122, "WMA-MID14-Visa": 123, "WMA-MID15-Visa": 124, "WMA-MID16-Visa": 125, "WMA-MID17-Visa": 126, "WMA-MID18-MC": 127, "WMA-MID18-Visa": 128, "WMA-MID19-MC": 129, "WMA-MID19-Visa": 130, "WMA-MID20-MC": 131, "WMA-MID20-Visa": 132, "WMA-MID21-MC": 133, "WMA-MID21-Visa": 134, "WMA-MID22-MC": 135, "WMA-MID22-Visa": 136, "WMA-MID23-Visa": 137, "WMA-MID24-MC": 138, "WMA-MID24-Visa": 139, "WMA-MID25-MC": 140, "WMA-MID25-Visa": 141, "WMA-MID26-MC": 142, "WMA-MID26-Visa": 143, "PGP": 144}