{"Altitude (live 3D test) EUR": 0, "Bets Entertainment N.V. Altitude Trusted EUR": 1, "Casino 148 Altitude Trusted EUR": 2, "Cyperion solutions limited FTD EUR": 3, "Cyperion solutions limited TRUSTED AUD (NEW)": 4, "Cyperion solutions limited TRUSTED EUR": 5, "Cyperion solutions limited TRUSTED USD": 6, "FCBank Sites AUD": 7, "FCBank Sites EUR": 8, "FCBank Sites GBP": 9, "FCBank Sites JPY": 10, "FCBank Sites USD": 11, "Finera Altitude Trusted EUR": 12, "Inamina Altitude Trusted EUR ": 13, "Mirata Altitude FTD EUR": 14, "Nautera Altitude FTD EUR": 15, "NeonPay Altitude Trusted EUR": 16, "NeonPay Altitude Trusted USD": 17, "OLD Mirata Altitude FTD EUR": 18, "PayWise Altitude FTD AUD": 19, "PayWise Altitude FTD EUR": 20, "PayWise Altitude Trusted AUD": 21, "PayWise Altitude Trusted EUR": 22, "PayWise Altitude Trusted EUR ONLY": 23, "PayWise Altitude Trusted EUR ONLY (WL ON)": 24, "Paywise HPP FTD AUD": 25, "SecurePay Altitude FTD EUR": 26, "SecurePay Altitude Trusted EUR": 27, "Start2pay Altitude FTD EUR": 28, "VaultPay Altitude Trusted EUR": 29, "Veritas Altitude Trusted AUD": 30, "Veritas Altitude Trusted EUR": 31, "casino 148 Altitude MIX EUR": 32, "30bet Altitude Trusted EUR": 33, "55bet Altitude Trusted EUR": 34, "ASG Global Alt Trusted EUR": 35, "Inamina Altitude Trusted EUR restored 149086": 36, "Inamina Altitude trusted EUR": 37, "Mangacasino Altitude Trusted EUR": 38, "PgP Altitude TRUSTED USD": 39, "Qbet Altitude Trusted EUR": 40}